{"Calibration Points":{"0":[410,23],"1":[83,29],"2":[94,449],"3":[405,447]},"Brightness":26,"resizeCanvas":{"rHa":0,"rWa":0},"Saturation":0,"Canvas size":480,"nblocks":32,"Color Limits":{"0":{"standarHSV":[0,0,100],"satMax":15,"acronym":"W","name":"white","maxHue":70,"id":0,"briMin":55,"hueMax":70,"satMax2":50,"hueMin":17},"1":{"briMax2":40,"standarHSV":[0,0,0],"satMax":15,"acronym":"BK","name":"black","briMax":25,"maxHue":361,"id":1},"2":{"standarHSV":[0,100,100],"acronym":"R","name":"red","maxHue":9,"id":2},"3":{"standarHSV":[61.17646789550781,100,100],"acronym":"Y","name":"yellow","maxHue":60,"id":3},"4":{"standarHSV":[110.1369857788086,100,85.88235473632812],"acronym":"G","name":"green","maxHue":175,"id":4},"5":{"standarHSV":[230.13699340820312,100,85.88235473632812],"acronym":"B","name":"blue","maxHue":233,"id":5}},"Patterns":{"0":["green","green","green","green"],"1":["red","red","red","red"],"2":["yellow","red","blue","blue"],"3":["white","white","red","blue"],"4":["yellow","yellow","yellow","yellow"],"5":["white","red","white","blue"]}}